Filename,Title,Date,Description,Author,Tags,Content
2026-01-15-video-marketing-trends.md,Las 10 Tendencias de Video Marketing que Dominarán 2026,2026-01-15,"Descubre las estrategias de video marketing más efectivas para 2026. Desde videos cortos hasta contenido interactivo, aprende cómo destacar en un mercado saturado.",Growth Video Lab,"video marketing, tendencias 2026, contenido digital, redes sociales","# Las 10 Tendencias de Video Marketing que Dominarán 2026

El panorama del video marketing está en constante evolución, y 2026 promete ser un año revolucionario. Como [agencia especializada en contenido audiovisual](/servicios), hemos identificado las tendencias que marcarán la diferencia entre una estrategia exitosa y una que pase desapercibida.

## Tabla de Contenidos
1. [Videos Verticales y Formato Corto](#1-videos-verticales-y-formato-corto-la-nueva-norma)
2. [IA Humanizada](#2-contenido-generado-por-ia-humanizado-por-expertos)
3. [Video SEO](#3-video-seo-optimizacin-ms-all-de-youtube)
4. [Live Shopping](#4-live-shopping-y-videos-interactivos)
5. [Micro-Influencers](#6-micro-influencers-y-contenido-autntico)

## 1. Videos Verticales y Formato Corto: La Nueva Norma

Los videos verticales ya no son solo para TikTok e Instagram Reels. En 2026, este formato domina todas las plataformas, incluyendo YouTube Shorts y LinkedIn. **El 73% de los usuarios prefiere consumir contenido en formato vertical** cuando navega desde dispositivos móviles.

### Por qué funciona:
- Mayor inmersión en pantallas móviles
- Mejor aprovechamiento del espacio visual
- Alineación con hábitos de consumo naturales

## 2. Contenido Generado por IA, Humanizado por Expertos

La inteligencia artificial está transformando la producción de video, pero el toque humano sigue siendo irreemplazable. Las marcas exitosas usan IA para:

- Generar borradores y storyboards rápidamente
- Automatizar subtítulos y traducciones
- Crear variaciones de contenido para A/B testing

**Pero siempre refinan y humanizan el resultado final** con creatividad y autenticidad.

## 3. Video SEO: Optimización Más Allá de YouTube

Google ahora prioriza contenido de video en resultados de búsqueda. Optimizar tus videos para SEO incluye:

1. **Transcripciones completas** para indexación
2. **Metadatos estratégicos** (títulos, descripciones, tags)
3. **Miniaturas personalizadas** con alto CTR
4. **Capítulos y timestamps** para mejor experiencia de usuario

## 4. Live Shopping y Videos Interactivos

El comercio en vivo está explotando. Las marcas que integran compras directas en sus transmisiones en vivo ven **tasas de conversión 10x superiores** comparado con videos tradicionales.

### Elementos clave:
- Botones de compra integrados
- Encuestas y preguntas en tiempo real
- Descuentos exclusivos para espectadores en vivo

## 5. Contenido Educativo de Valor: Edutainment

Los usuarios buscan aprender mientras se entretienen. El ""edutainment"" combina:

- Tutoriales prácticos
- Storytelling emocional
- Datos y estadísticas visuales
- Humor y personalidad de marca

**Las marcas que educan, no solo venden, construyen lealtad duradera.**

## 6. Micro-Influencers y Contenido Auténtico

Adiós a los mega-influencers con millones de seguidores. En 2026, los micro-influencers (10k-100k seguidores) generan **60% más engagement** porque:

- Tienen comunidades más comprometidas
- Ofrecen autenticidad y cercanía
- Son más accesibles para marcas pequeñas y medianas

## 7. Videos Silenciosos con Subtítulos Creativos

**El 85% de los videos en redes sociales se consumen sin sonido.** Los subtítulos ya no son opcionales, son creativos:

- Animaciones de texto llamativas
- Emojis estratégicos
- Resaltado de palabras clave
- Diseño alineado con la identidad de marca

## 8. Contenido Detrás de Cámaras (BTS)

La transparencia vende. Mostrar el proceso creativo, errores y momentos reales humaniza tu marca. El contenido BTS genera:

- Mayor confianza en la audiencia
- Conexión emocional auténtica
- Diferenciación de competidores

## 9. Optimización para Búsqueda por Voz

Con el auge de asistentes de voz, optimizar videos para búsquedas conversacionales es crucial:

- Usar lenguaje natural en títulos y descripciones
- Responder preguntas frecuentes en formato de video
- Crear contenido ""snackable"" de respuestas rápidas

## 10. Sostenibilidad y Propósito en el Contenido

Los consumidores, especialmente Gen Z y Millennials, prefieren marcas con propósito. Videos que comunican:

- Iniciativas sostenibles
- Impacto social positivo
- Valores de marca auténticos

**Generan 3x más shares y engagement emocional.**

---

## Conclusión: Adaptarse o Quedarse Atrás

El video marketing en 2026 no se trata de seguir todas las tendencias, sino de **elegir las que resuenan con tu audiencia y objetivos de negocio**. En [Growth Video Lab](/), ayudamos a marcas a navegar este ecosistema complejo con estrategias personalizadas y producción de alta calidad.

¿Listo para llevar tu contenido de video al siguiente nivel? [Contáctanos](/contacto) para una consultoría gratuita.

---

**Sobre el autor:** Growth Video Lab es una agencia especializada en producción de video, branding y estrategia de contenido digital. Ayudamos a empresas a crecer a través de contenido audiovisual que conecta y convierte."
2026-01-20-branding-mistakes.md,5 Errores de Branding que Están Matando Tu Negocio (Y Cómo Solucionarlos),2026-01-20,Evita estos errores comunes de branding que alejan a tus clientes. Guía práctica con soluciones accionables para fortalecer tu identidad de marca.,Growth Video Lab,"branding, identidad de marca, diseño, estrategia de marca","# 5 Errores de Branding que Están Matando Tu Negocio

Tu marca es la promesa que haces a tus clientes. Es la percepción que tienen de tu negocio antes, durante y después de interactuar contigo. Sin embargo, **el 80% de las pequeñas y medianas empresas cometen errores críticos** que debilitan su identidad de marca y alejan a potenciales clientes.

Como [agencia especializada en branding](/servicios), hemos visto estos patrones repetirse una y otra vez. La buena noticia: todos son solucionables.

## Tabla de Contenidos
1. [Inconsistencia Visual](#error-1-no-tener-una-identidad-visual-consistente)
2. [Copiar a la Competencia](#error-2-copiar-a-la-competencia-en-lugar-de-diferenciarte)
3. [Ignorar la Experiencia](#error-3-ignorar-la-experiencia-de-marca-completa)
4. [Marca Obsoleta](#error-4-no-evolucionar-tu-marca-con-el-tiempo)
5. [Falta de Storytelling](#error-5-no-contar-una-historia-de-marca-autntica)

## Error #1: No Tener una Identidad Visual Consistente

### El Problema:
Usas diferentes logos, colores y tipografías en tu sitio web, redes sociales y materiales impresos. Tu audiencia no reconoce tu marca al instante.

### Por Qué Es Grave:
La inconsistencia genera **desconfianza**. Según [Lucidpress](https://www.lucidpress.com/), la consistencia de marca puede aumentar los ingresos hasta un 33%. Si tu identidad cambia constantemente, pareces amateur.

### La Solución:
Crea un **manual de identidad de marca** que incluya:

- Logo principal y variaciones (horizontal, vertical, monocromático)
- Paleta de colores con códigos exactos (HEX, RGB, CMYK)
- Tipografías primarias y secundarias
- Guías de uso para diferentes aplicaciones

**Acción inmediata:** Audita todos tus puntos de contacto (web, redes, tarjetas, packaging) y corrige inconsistencias.

## Error #2: Copiar a la Competencia en Lugar de Diferenciarte

### El Problema:
Tu marca se ve y suena exactamente como tus competidores. Usas los mismos colores corporativos genéricos (azul y gris), el mismo lenguaje (""soluciones innovadoras""), las mismas fotos de stock.

### Por Qué Es Grave:
Si no te diferencias, compites solo por precio. **Los clientes no tienen razón para elegirte a ti sobre cualquier otro.**

### La Solución:
Define tu **propuesta de valor única (UVP)** respondiendo:

1. ¿Qué problema resuelves mejor que nadie?
2. ¿Para quién es tu solución ideal?
3. ¿Qué te hace diferente (no mejor, diferente)?

**Ejemplo:** En lugar de ""Somos una agencia de marketing digital"", di ""Ayudamos a marcas de e-commerce a escalar con [video marketing de alto impacto](/servicios)"".

## Error #3: Ignorar la Experiencia de Marca Completa

### El Problema:
Te enfocas solo en el logo y los colores, pero descuidas la experiencia total: tu sitio web es lento, tus emails son genéricos, tu atención al cliente es fría.

### Por Qué Es Grave:
**Tu marca no es lo que dices que eres, es lo que tus clientes experimentan.** Un logo hermoso no compensa una mala experiencia.

### La Solución:
Mapea el **customer journey** completo:

1. **Descubrimiento:** ¿Cómo te encuentran? (SEO, redes, recomendaciones)
2. **Consideración:** ¿Qué ven primero? (Web, portfolio, reseñas)
3. **Compra:** ¿Qué tan fácil es contratar tus servicios?
4. **Experiencia:** ¿Cumples tus promesas?
5. **Lealtad:** ¿Los conviertes en promotores?

**Acción inmediata:** Pide a 3 clientes que describan su experiencia contigo. Identifica gaps entre lo que prometes y lo que entregas.

## Error #4: No Evolucionar Tu Marca con el Tiempo

### El Problema:
Tu logo y estilo visual tienen 10 años y se ven obsoletos. Te aferras a ""así siempre lo hemos hecho"" mientras tu audiencia y el mercado cambian.

### Por Qué Es Grave:
Las marcas que no evolucionan se perciben como **irrelevantes o fuera de contacto** con las necesidades actuales.

### La Solución:
Haz un **refresh de marca cada 3-5 años**. Esto no significa cambiar todo, sino:

- Modernizar tu identidad visual
- Actualizar tu tono de voz
- Revisar tu propuesta de valor
- Alinear tu marca con tendencias culturales relevantes

**Ejemplos exitosos:** Apple, Google, Airbnb han evolucionado sus marcas manteniendo su esencia.

**Acción inmediata:** Compara tu marca con competidores emergentes. ¿Te ves igual de moderno y relevante? Si la respuesta es no, [contáctanos para un rebranding](/contacto).

## Error #5: No Contar una Historia de Marca Auténtica

### El Problema:
Tu marca es solo una lista de servicios. No hay historia, no hay emoción, no hay conexión humana.

### Por Qué Es Grave:
**Las personas compran de personas, no de empresas sin rostro.** Las marcas con storytelling auténtico generan 3x más lealtad.

### La Solución:
Desarrolla tu **narrativa de marca** respondiendo:

- **Origen:** ¿Por qué existe tu negocio?
- **Misión:** ¿Qué impacto quieres generar?
- **Valores:** ¿Qué principios guían tus decisiones?
- **Visión:** ¿Hacia dónde vas?

**Ejemplo:** En Growth Video Lab, no solo ""hacemos videos"". Ayudamos a emprendedores y creadores a amplificar su voz y construir audiencias leales. Nuestra historia comenzó cuando nos dimos cuenta de que el 90% del contenido de video era aburrido e inefectivo.

## Conclusión: Tu Marca es Tu Activo Más Valioso

Corregir estos errores no sucede de la noche a la mañana, pero cada paso que tomas fortalece tu posición en el mercado. **Una marca sólida:**

✅ Atrae clientes ideales sin competir por precio  
✅ Genera confianza y credibilidad instantáneas  
✅ Facilita el crecimiento y la expansión  
✅ Aumenta el valor de tu negocio  

¿Necesitas ayuda para construir o renovar tu marca? En Growth Video Lab, creamos identidades de marca que conectan y convierten. [Agenda una consultoría gratuita](/contacto).

---

**Sobre el autor:** Growth Video Lab es una agencia especializada en branding, producción de video y estrategia de contenido. Transformamos negocios en marcas memorables."
2026-01-25-social-media-strategy.md,Estrategia de Redes Sociales 2026: De Seguidores Vanidosos a Comunidad Rentable,2026-01-25,Aprende a construir una estrategia de redes sociales que genere resultados reales. Más allá de los likes: cómo crear comunidad y conversiones.,Growth Video Lab,"redes sociales, estrategia digital, community management, marketing de contenidos","# Estrategia de Redes Sociales 2026: De Seguidores Vanidosos a Comunidad Rentable

Seamos honestos: **tener 50,000 seguidores no significa nada si ninguno compra tus productos o servicios.** En 2026, las marcas exitosas han dejado de perseguir métricas vanidosas y se enfocan en construir comunidades comprometidas que generan resultados de negocio reales.

Como [agencia de gestión de redes sociales](/servicios) para decenas de marcas, hemos visto la transformación de primera mano. Aquí está nuestra guía completa para crear una estrategia que funcione.

## Tabla de Contenidos
1. [El Cambio de Paradigma](#el-cambio-de-paradigma-engagement--alcance)
2. [Define Tu Audiencia](#paso-1-define-tu-audiencia-ideal-no-todo-el-mundo)
3. [Elige Plataformas](#paso-2-elige-plataformas-estratgicamente-no-ests-en-todas)
4. [Framework de Contenido P.A.V.E.](#paso-3-crea-contenido-con-el-framework-pave)
5. [Engagement y Conversión](#paso-5-engagement-real-no-automatizado)

## El Cambio de Paradigma: Engagement > Alcance

### Antes (2020-2023):
- Objetivo: Conseguir más seguidores
- Métrica clave: Alcance e impresiones
- Estrategia: Publicar constantemente, usar hashtags populares

### Ahora (2026):
- Objetivo: Construir comunidad leal
- Métrica clave: Engagement rate, conversaciones, conversiones
- Estrategia: Contenido de valor, interacción genuina, llamados a la acción claros

**Dato clave:** Según [Sprout Social](https://sproutsocial.com/insights/social-media-statistics/), el 57% de los consumidores seguirán a una marca para aprender sobre nuevos productos o servicios. Una comunidad pequeña pero comprometida vale más que una grande y pasiva.

## Paso 1: Define Tu Audiencia Ideal (No ""Todo el Mundo"")

El error más común: intentar hablarle a todos. El resultado: no conectas con nadie.

### Crea tu Avatar de Cliente Ideal:

**Demográfico:**
- Edad, ubicación, género
- Nivel educativo, ingresos
- Ocupación, industria

**Psicográfico:**
- Valores y creencias
- Metas y aspiraciones
- Miedos y frustraciones
- Plataformas que usa y cómo las usa

**Ejemplo:** En lugar de ""emprendedores"", define ""mujeres de 28-40 años que dejaron su trabajo corporativo para emprender en el sector wellness, luchan con visibilidad online y buscan estrategias de marketing auténticas"".

### Acción Inmediata:
Entrevista a 5 clientes actuales. Pregunta:
- ¿Qué problema tenías antes de encontrarnos?
- ¿Qué casi te detiene de contratarnos?
- ¿Qué resultado has obtenido?

Usa sus palabras exactas en tu contenido.

## Paso 2: Elige Plataformas Estratégicamente (No Estés en Todas)

**No necesitas estar en todas las redes sociales.** Necesitas estar donde está tu audiencia ideal, con contenido optimizado para cada plataforma.

### Guía de Plataformas 2026:

**Instagram:**
- Mejor para: Marcas visuales, lifestyle, B2C
- Formato dominante: Reels (60-90 segundos)
- Engagement: Carruseles educativos, Stories interactivos

**TikTok:**
- Mejor para: Marcas jóvenes, entretenimiento, educación rápida
- Formato dominante: Videos verticales (15-60 segundos)
- Engagement: Trends, challenges, contenido auténtico

**LinkedIn:**
- Mejor para: B2B, servicios profesionales, liderazgo de pensamiento
- Formato dominante: Posts de texto con storytelling, carruseles PDF
- Engagement: Insights de industria, casos de estudio
- [Ver estrategias B2B](/blog/b2b-marketing)

**YouTube:**
- Mejor para: Contenido educativo profundo, tutoriales, reviews
- Formato dominante: Videos largos (8-15 min) + Shorts
- Engagement: Series, playlists temáticas

**Regla de oro:** Domina 1-2 plataformas antes de expandirte.

## Paso 3: Crea Contenido con el Framework P.A.V.E.

Olvida publicar por publicar. Cada pieza de contenido debe cumplir uno de estos objetivos:

### **P - Persuadir (Vender)**
- Testimonios de clientes
- Casos de estudio
- Demostraciones de producto
- Ofertas y promociones

**Frecuencia:** 20% de tu contenido

### **A - Autoridad (Educar)**
- Tutoriales y tips
- Insights de industria
- Respuestas a preguntas frecuentes
- Tendencias y análisis

**Frecuencia:** 40% de tu contenido

### **V - Valor (Entretener/Inspirar)**
- Behind the scenes
- Historias personales
- Memes y humor de nicho
- Contenido aspiracional

**Frecuencia:** 30% de tu contenido

### **E - Engagement (Conversar)**
- Preguntas abiertas
- Encuestas y polls
- Challenges y dinámicas
- User-generated content

**Frecuencia:** 10% de tu contenido

## Paso 4: El Calendario de Contenido Estratégico

No publiques cuando ""te acuerdes"". Planifica con intención.

### Estructura Semanal Recomendada:

**Lunes:** Motivación + Tip educativo (Autoridad)  
**Martes:** Tutorial o How-to (Autoridad)  
**Miércoles:** Behind the scenes o historia personal (Valor)  
**Jueves:** Pregunta o encuesta (Engagement)  
**Viernes:** Caso de estudio o testimonio (Persuasión)  
**Sábado:** Contenido ligero, meme o inspiración (Valor)  
**Domingo:** Reflexión o preview de la semana (Engagement)

### Herramientas Recomendadas:
- **Planificación:** Notion, Trello, Monday
- **Diseño:** [Canva Pro](https://www.canva.com/), Adobe Express
- **Programación:** [Metricool](https://metricool.com/), Buffer, Later
- **Análisis:** Plataformas nativas + Google Analytics

<a id=""engagement""></a>
## Paso 5: Engagement Real, No Automatizado

**Los algoritmos de 2026 penalizan la interacción falsa.** Bots, pods de engagement y comentarios genéricos ya no funcionan.

### Estrategia de Engagement Auténtico:

1. **Responde TODOS los comentarios en las primeras 2 horas**
   - Usa el nombre de la persona
   - Haz preguntas de seguimiento
   - Agrega valor en tu respuesta

2. **Inicia conversaciones en DM**
   - Agradece nuevos seguidores personalmente
   - Pregunta qué contenido les gustaría ver
   - Ofrece ayuda sin vender inmediatamente

3. **Interactúa con tu comunidad proactivamente**
   - Comenta en posts de tus seguidores
   - Comparte contenido de tu audiencia
   - Menciona y celebra a tu comunidad

**Regla 80/20:** Dedica 80% de tu tiempo a interactuar, 20% a crear contenido.

## Paso 6: Convierte Seguidores en Clientes

El contenido sin conversión es solo entretenimiento. Necesitas un **funnel de redes sociales**.

### Estructura de Funnel:

**Tope (Awareness):**
- Contenido viral y educativo
- Colaboraciones con otras cuentas
- Hashtags estratégicos

**Medio (Consideración):**
- Lead magnets (ebooks, webinars, checklists)
- Email marketing desde bio link
- Contenido de autoridad profundo

**Fondo (Conversión):**
- Testimonios y casos de estudio
- Ofertas limitadas
- Llamados a la acción claros

**Ejemplo de CTA efectivo:**
❌ ""Link en bio""  
✅ ""¿Quieres una auditoría gratuita de tu estrategia de contenido? [Link en bio para agendar](/contacto)""

## Paso 7: Mide lo que Importa

Olvida las métricas vanidosas. Rastrea KPIs que impactan tu negocio.

### Métricas Clave:

**Engagement Rate:**
`(Likes + Comentarios + Shares) / Seguidores × 100`

**Tasa de Conversión:**
`Clientes desde redes / Total de seguidores × 100`

**Costo por Lead:**
`Inversión en contenido / Leads generados`

**Customer Lifetime Value (CLV) desde redes:**
`Ingresos totales de clientes de redes / Número de clientes`

### Herramientas de Análisis:
- [Google Analytics 4](https://marketingplatform.google.com/about/analytics/) (tráfico desde redes)
- Plataformas nativas (Instagram Insights, TikTok Analytics)
- CRM (rastreo de fuente de leads)

## Errores Comunes que Debes Evitar

❌ **Comprar seguidores o engagement**  
✅ Crece orgánicamente con contenido de valor

❌ **Publicar sin estrategia**  
✅ Planifica con objetivos claros

❌ **Ignorar comentarios y mensajes**  
✅ Prioriza la interacción genuina

❌ **Copiar contenido de competidores**  
✅ Encuentra tu voz única

❌ **No tener llamados a la acción**  
✅ Guía a tu audiencia al siguiente paso

## Conclusión: Comunidad > Seguidores

En 2026, las marcas que ganan en redes sociales no son las con más seguidores, sino las con **comunidades más comprometidas y leales**.

¿Necesitas ayuda para construir tu estrategia de redes sociales? En Growth Video Lab, creamos y ejecutamos estrategias de contenido que generan resultados medibles. [Hablemos](/contacto) sobre tu proyecto.

---

**Sobre el autor:** Growth Video Lab es una agencia especializada en producción de video, branding y estrategia de contenido digital para redes sociales."
2026-01-28-website-conversion.md,Optimización de Conversión Web: Cómo Convertir Más Visitantes en Clientes,2026-01-28,Guía completa de CRO (Conversion Rate Optimization) para transformar tu sitio web en una máquina de generar leads y ventas. Estrategias probadas y accionables.,Growth Video Lab,"CRO, conversion rate optimization, diseño web, UX, landing pages","# Optimización de Conversión Web: Cómo Convertir Más Visitantes en Clientes

Tienes tráfico en tu sitio web. Inviertes en SEO, pagas por anuncios, publicas en redes sociales. Los visitantes llegan... **pero no compran, no se registran, [no te contactan](/contacto).**

El problema no es tu tráfico. Es tu **tasa de conversión**.

La buena noticia: **pequeños cambios en tu sitio web pueden duplicar o triplicar tus conversiones** sin necesidad de más visitantes. Como [agencia de diseño web](/servicios) que ha optimizado decenas de sitios, aquí está nuestra guía completa de CRO (Conversion Rate Optimization).

## Tabla de Contenidos
1. [¿Qué es la Optimización de Conversión?](#qu-es-la-optimizacin-de-conversin)
2. [Los 7 Principios Fundamentales](#los-7-principios-fundamentales-de-cro)
3. [El Proceso de Optimización](#el-proceso-de-optimizacin-metodologa-cro)
4. [Errores Comunes](#errores-comunes-de-cro-que-debes-evitar)

## ¿Qué es la Optimización de Conversión?

CRO es el proceso sistemático de aumentar el porcentaje de visitantes que completan una acción deseada en tu sitio web:

- Comprar un producto
- Llenar un formulario de contacto
- Suscribirse a tu newsletter
- Descargar un recurso
- Agendar una llamada

**Fórmula básica:**
```
Tasa de Conversión = (Conversiones / Visitantes) × 100
```

**Ejemplo:**
- 1,000 visitantes mensuales
- 20 conversiones (formularios enviados)
- Tasa de conversión: 2%

Si optimizas y llegas a 4%, **duplicas tus leads sin gastar más en tráfico.** Para entender mejor cómo el tráfico afecta tus ventas, consulta esta guía de [HubSpot sobre métricas de conversión](https://blog.hubspot.es/marketing/metricas-marketing-digital).

## Los 7 Principios Fundamentales de CRO

### 1. Claridad Absoluta en Tu Propuesta de Valor

**El problema:** Los visitantes llegan a tu sitio y no entienden qué haces, para quién es, o por qué deberían elegirte.

**La solución:** Tu propuesta de valor debe responder en 5 segundos:

1. **¿Qué ofreces?** (Producto/servicio específico)
2. **¿Para quién?** (Audiencia ideal)
3. **¿Qué beneficio obtengo?** (Resultado, no características)
4. **¿Por qué tú y no otro?** (Diferenciador único)

**Ejemplo malo:**
> ""Somos una agencia de marketing digital con 10 años de experiencia""

**Ejemplo bueno:**
> ""Ayudamos a e-commerce de moda a triplicar sus ventas con anuncios de video en Meta que convierten""

**Acción inmediata:** Reescribe tu headline principal usando esta estructura:
```
Ayudamos a [audiencia específica] a [resultado deseado] con [método único]
```

### 2. Diseño Centrado en la Acción (No en la Estética)

Un sitio web hermoso que no convierte es un fracaso. **El diseño debe guiar al visitante hacia la conversión.**

#### Jerarquía Visual Clara:

**Elementos en orden de importancia:**
1. Headline (propuesta de valor)
2. CTA principal (botón de acción)
3. Beneficios clave (3-5 puntos)
4. Prueba social (testimonios, logos de clientes)
5. CTA secundario

**Reglas de diseño para conversión:**

✅ **Contraste:** Tu CTA debe destacar (color diferente al resto)  
✅ **Espacio en blanco:** No satures, deja respirar  
✅ **Jerarquía tipográfica:** Títulos grandes, texto legible (mínimo 16px)  
✅ **Imágenes relevantes:** Personas reales, no stock photos genéricas  
✅ **Scroll intuitivo:** Guía visual hacia abajo  

❌ **Evita:** Sliders automáticos (reducen conversión 20%), pop-ups agresivos, música automática

### 3. Llamados a la Acción (CTAs) Irresistibles

Tu CTA es el elemento más importante de tu página. **El 90% de los sitios web tienen CTAs mediocres.**

#### Anatomía de un CTA de Alto Rendimiento:

**Malo:**
- ""Enviar""
- ""Más información""
- ""Click aquí""

**Bueno:**
- ""Consigue tu auditoría gratuita""
- ""Descarga la guía ahora""
- ""Agenda tu llamada estratégica""

**Elementos clave:**

1. **Verbo de acción:** Empieza con un verbo (Descarga, Consigue, Agenda, Empieza)
2. **Beneficio claro:** ¿Qué obtengo al hacer click?
3. **Urgencia/Escasez:** ""Solo hoy"", ""Últimos cupos"", ""Oferta limitada""
4. **Primera persona:** ""Quiero mi guía"" convierte mejor que ""Consigue tu guía""

**Diseño del botón:**
- Tamaño: Suficientemente grande (mínimo 44×44px para móvil)
- Color: Contraste alto con el fondo
- Ubicación: Above the fold + al final de secciones clave
- Cantidad: 1 CTA principal por página (evita confusión)

### 4. Reducción de Fricción en Formularios

**Cada campo adicional en tu formulario reduce conversiones un 10-20%.**

#### Optimización de Formularios:

**Regla de oro:** Pide solo lo ABSOLUTAMENTE necesario.

**Para leads iniciales:**
- Nombre
- Email
- (Opcional: Teléfono o mensaje breve)

**Evita:**
- Campos innecesarios (empresa, cargo, dirección completa)
- CAPTCHAs complejos (usa [reCAPTCHA invisible](https://www.google.com/recaptcha/about/))
- Validación excesiva

**Mejores prácticas:**

✅ Etiquetas claras dentro del campo  
✅ Validación en tiempo real (errores inmediatos)  
✅ Indicador de progreso en formularios largos  
✅ Autocompletado habilitado  
✅ Botón de envío descriptivo (""Enviar"" → ""Recibir mi cotización"")  

**Ejemplo de optimización:**
- **Antes:** 8 campos, tasa de conversión 3%
- **Después:** 3 campos, tasa de conversión 8%
- **Resultado:** 166% más leads

### 5. Prueba Social y Credibilidad

**El 92% de los consumidores lee reseñas antes de comprar.** Tu sitio web debe demostrar que eres confiable.

#### Tipos de Prueba Social:

**Testimonios de clientes:**
- Incluye foto real + nombre completo + empresa
- Cita específica del resultado obtenido
- Video testimonial (convierte 3x más que texto)

**Ejemplo:**
> ""Gracias a Growth Video Lab, nuestras ventas aumentaron 240% en 3 meses. Su estrategia de video en Instagram fue clave.""  
> — María González, Fundadora de EcoBeauty

**Logos de clientes:**
- Muestra marcas reconocidas con las que has trabajado
- Sección ""Confían en nosotros""

**Números y estadísticas:**
- ""Más de 500 proyectos completados""
- ""98% de clientes satisfechos""
- ""Promedio de 3x ROI""

**Certificaciones y premios:**
- Badges de seguridad (SSL, pagos seguros)
- Premios de industria
- Certificaciones profesionales

**Casos de estudio:**
- Problema → Solución → Resultado
- Datos concretos y medibles
- Antes y después visual
- [Ver nuestros casos de éxito](/casos-exito)

### 6. Velocidad de Carga: Cada Segundo Cuenta

**El 53% de los usuarios abandona un sitio que tarda más de 3 segundos en cargar.** Según [Google](https://developers.google.com/speed/docs/insights/v5/about), la velocidad es un factor de ranking crítico.

#### Impacto en conversión:
- 1 segundo de retraso = -7% conversiones
- 2 segundos de retraso = -15% conversiones
- 3 segundos de retraso = -25% conversiones

#### Optimización de velocidad:

**Imágenes:**
- Formato WebP o AVIF
- Compresión ([TinyPNG](https://tinypng.com/), ImageOptim)
- Lazy loading
- Dimensiones correctas (no redimensionar con CSS)

**Código:**
- Minificar CSS, JS, HTML
- Eliminar código no usado
- Cargar scripts de forma asíncrona
- Usar CDN para recursos estáticos

**Hosting:**
- Servidor de calidad (no el más barato)
- Caché del navegador
- Compresión Gzip/Brotli

**Herramientas de medición:**
- [Google PageSpeed Insights](https://pagespeed.web.dev/)
- GTmetrix
- WebPageTest

**Meta:** Tiempo de carga < 2 segundos en móvil

### 7. Optimización Móvil (Mobile-First)

**El 60-70% de tu tráfico probablemente viene de móviles.** Si tu sitio no está optimizado para móvil, estás perdiendo la mayoría de tus conversiones.

#### Checklist de optimización móvil:

✅ **Diseño responsive:** Se adapta a cualquier tamaño de pantalla  
✅ **Texto legible:** Mínimo 16px, sin necesidad de zoom  
✅ **Botones táctiles:** Mínimo 44×44px, espaciados  
✅ **Formularios simplificados:** Teclado correcto (email, teléfono, número)  
✅ **Navegación simple:** Menú hamburguesa claro  
✅ **Velocidad:** Aún más crítica en móvil  
✅ **CTAs visibles:** Above the fold, sticky si es necesario  

**Prueba tu sitio:**
- Chrome DevTools (modo responsive)
- [Google Mobile-Friendly Test](https://search.google.com/test/mobile-friendly)
- Dispositivos reales (iOS y Android)

## El Proceso de Optimización: Metodología CRO

### Paso 1: Análisis y Diagnóstico

**Herramientas esenciales:**

1. **[Google Analytics 4](https://marketingplatform.google.com/about/analytics/):**
   - Páginas con más tráfico y menos conversión
   - Tasa de rebote por página
   - Flujo de usuarios (dónde abandonan)

2. **Mapas de calor (Hotjar, Crazy Egg):**
   - Dónde hacen click los usuarios
   - Hasta dónde hacen scroll
   - Grabaciones de sesiones reales

3. **Encuestas y feedback:**
   - ""¿Qué te detuvo de completar tu compra?""
   - ""¿Qué información te faltó?""

### Paso 2: Hipótesis y Priorización

**Framework ICE para priorizar tests:**

- **Impact (Impacto):** ¿Qué tan grande será el efecto? (1-10)
- **Confidence (Confianza):** ¿Qué tan seguro estás? (1-10)
- **Ease (Facilidad):** ¿Qué tan fácil de implementar? (1-10)

**Puntaje ICE = (Impact + Confidence + Ease) / 3**

Prioriza tests con mayor puntaje.

### Paso 3: A/B Testing

**Qué testear:**

- Headlines y propuestas de valor
- CTAs (texto, color, ubicación)
- Imágenes y videos
- Longitud de formularios
- Diseño de landing pages

**Herramientas:**
- Google Optimize (gratis)
- Optimizely
- VWO
- Unbounce (para landing pages)

**Regla de oro:** Testea UN elemento a la vez. Si cambias todo, no sabrás qué funcionó.

### Paso 4: Implementación y Medición

- Implementa el cambio ganador
- Monitorea resultados durante 30 días
- Documenta aprendizajes
- Repite el proceso

**CRO es un proceso continuo, no un proyecto único.**

## Errores Comunes de CRO que Debes Evitar

❌ **Optimizar sin datos:** No adivines, mide  
❌ **Testear sin tráfico suficiente:** Necesitas mínimo 1,000 visitantes/mes  
❌ **Detener tests prematuramente:** Espera significancia estadística  
❌ **Copiar a competidores:** Lo que funciona para ellos puede no funcionar para ti  
❌ **Ignorar móvil:** La mayoría de tu tráfico es móvil  
❌ **No testear continuamente:** CRO nunca termina  

## Conclusión: Pequeños Cambios, Grandes Resultados

Optimizar tu tasa de conversión es la forma más rápida y económica de crecer tu negocio. **No necesitas más tráfico, necesitas convertir mejor el que ya tienes.**

Implementa estos principios:

1. Claridad en tu propuesta de valor
2. Diseño centrado en la acción
3. CTAs irresistibles
4. Formularios simples
5. Prueba social
6. Velocidad de carga
7. Optimización móvil

**Empieza hoy:** Elige UNA página clave (homepage, landing page principal) y aplica estos principios. Mide resultados en 30 días.

¿Necesitas ayuda profesional para optimizar tu sitio web? En [Growth Video Lab](/), diseñamos y optimizamos sitios web que convierten visitantes en clientes. [Agenda una auditoría gratuita](/contacto).

---

**Sobre el autor:** Growth Video Lab es una agencia especializada en diseño web, producción de video y estrategias de conversión para negocios digitales."
2026-01-30-content-creation-tips.md,Creación de Contenido que Convierte: La Guía Definitiva para 2026,2026-01-30,"Aprende a crear contenido que no solo atrae audiencia, sino que genera ventas. Estrategias, frameworks y ejemplos prácticos para contenido de alto rendimiento.",Growth Video Lab,"content marketing, creación de contenido, copywriting, estrategia de contenido, video marketing","# Creación de Contenido que Convierte: La Guía Definitiva para 2026

Publicas contenido constantemente. Videos, posts, blogs, infografías. Inviertes horas creando, editando, optimizando. Pero al final del mes, cuando miras tus números de ventas... **el contenido no está generando resultados.**

El problema no es la cantidad de contenido. Es la **calidad estratégica**.

En 2026, las marcas que ganan no son las que publican más, sino las que publican **contenido que convierte**. Como [agencia especializada en video marketing](/servicios), hemos creado miles de piezas de contenido para decenas de marcas. Aquí está nuestra guía completa para crear contenido que genera resultados reales.

## Tabla de Contenidos
1. [El Framework C.O.N.V.E.R.T.](#el-framework-convert-para-contenido-de-alto-rendimiento)
2. [Formatos de Alto Rendimiento](#formatos)
3. [Errores Comunes](#errores)
4. [Plan de Acción 30 Días](#plan)

## El Framework C.O.N.V.E.R.T. para Contenido de Alto Rendimiento

### C - Conoce a Tu Audiencia Profundamente

**El error #1:** Crear contenido para ""todo el mundo"" o para ti mismo.

**La solución:** Investiga a tu audiencia ideal hasta conocerla mejor que ella misma. Herramientas como [Google Trends](https://trends.google.com/) o [AnswerThePublic](https://answerthepublic.com/) son vitales para esto.

#### Investigación de Audiencia en 5 Pasos:

**1. Análisis demográfico y psicográfico:**
- Edad, ubicación, ocupación, ingresos
- Valores, creencias, aspiraciones
- Miedos, frustraciones, objeciones

**2. Escucha social:**
- Lee comentarios en posts de competidores
- Únete a grupos de Facebook/Reddit de tu nicho
- Analiza reseñas de productos similares

**3. Entrevistas a clientes:**
Pregunta:
- ""¿Qué problema tenías antes de encontrarnos?""
- ""¿Qué palabras usaste para buscar una solución?""
- ""¿Qué casi te detiene de comprar?""
- ""¿Qué resultado has obtenido?""

**4. Análisis de búsqueda:**
- Google Search Console: ¿Qué buscan?
- AnswerThePublic: ¿Qué preguntas hacen?
- Google Trends: ¿Qué temas están creciendo?

**5. Mapeo de customer journey:**
- **Awareness:** No saben que tienen un problema
- **Consideration:** Buscan soluciones
- **Decision:** Comparan opciones
- **Retention:** Clientes existentes

**Crea contenido para cada etapa.** Si necesitas ayuda para definir este viaje, nuestra [consultoría de estrategia](/asesoria) puede ayudarte.

### O - Objetivo Claro para Cada Pieza

**Cada pieza de contenido debe tener UN objetivo principal.** Según [HubSpot](https://www.hubspot.es/), el contenido con objetivos definidos tiene un 74% más de probabilidades de éxito.

#### Tipos de objetivos:

**1. Awareness (Conocimiento):**
- Objetivo: Que te descubran
- Métrica: Alcance, impresiones, nuevos seguidores
- Ejemplo: Video viral, infografía compartible

**2. Engagement (Interacción):**
- Objetivo: Construir relación
- Métrica: Comentarios, shares, tiempo de visualización
- Ejemplo: Encuestas, preguntas abiertas, challenges

**3. Lead Generation (Generación de leads):**
- Objetivo: Capturar contactos
- Métrica: Suscriptores, descargas, registros
- Ejemplo: Lead magnet, [Ebooks para Creadores](/ebooks-creadores), checklist

**4. Conversion (Venta):**
- Objetivo: Generar ventas
- Métrica: Clientes, ingresos, ROI
- Ejemplo: Caso de estudio, demo de producto, oferta limitada

**5. Retention (Retención):**
- Objetivo: Mantener clientes
- Métrica: Tasa de retención, LTV
- Ejemplo: Tutoriales avanzados, actualizaciones, comunidad

**Regla 80/20:**
- 80% contenido de valor (awareness, engagement, educación)
- 20% contenido de venta (promociones, ofertas)

### N - Narrativa que Conecta Emocionalmente

**Los datos informan, las historias venden.**

#### El Framework de Storytelling para Contenido:

**Estructura clásica:**

1. **Situación inicial:** Personaje en su mundo normal
2. **Problema/Conflicto:** Algo interrumpe la normalidad
3. **Lucha:** Intentos de resolver el problema
4. **Solución:** Descubrimiento de la respuesta
5. **Transformación:** Nueva realidad mejorada

**Aplicado a contenido de marca:**

**Ejemplo - Post de Instagram:**

> ""Hace 6 meses, María tenía 200 seguidores en Instagram y cero ventas desde redes sociales. [Situación]
>
> Publicaba todos los días, pero nadie interactuaba. Se sentía invisible. [Problema]
>
> Probó hashtags, colaboraciones, incluso compró seguidores. Nada funcionaba. [Lucha]
>
> Hasta que descubrió que no necesitaba más seguidores. Necesitaba una ESTRATEGIA. [Solución]
>
> Hoy, con 800 seguidores (solo 4x más), genera 15 ventas mensuales desde Instagram. [Transformación]
>
> ¿Qué cambió? Swipe para descubrirlo →""

**Elementos emocionales clave:**

✅ **Empatía:** ""Sé cómo te sientes porque yo estuve ahí""  
✅ **Aspiración:** ""Imagina tener X resultado""  
✅ **Urgencia:** ""No esperes más para cambiar""  
✅ **Prueba social:** ""Otros como tú ya lo lograron""  

### V - Valor Antes que Venta

**La regla de oro del content marketing: Da 10x más de lo que pides.**

#### Tipos de valor que puedes ofrecer:

**1. Educación:**
- Tutoriales paso a paso
- Guías completas
- Explicaciones de conceptos complejos
- Tips accionables

**2. Inspiración:**
- [Casos de éxito](/casos-exito-ugc)
- Transformaciones
- Historias motivacionales
- Visión de futuro

**3. Entretenimiento:**
- Humor de nicho
- Behind the scenes
- Memes relevantes
- Storytelling cautivador

**4. Utilidad:**
- Templates y plantillas
- Checklists
- Herramientas gratuitas
- Recursos descargables

**Ejemplo de contenido de alto valor:**

En lugar de:
> ""Contrata nuestros servicios de video marketing""

Crea:
> ""Guía completa: Cómo crear videos de Instagram Reels que generen ventas (con plantilla de guion incluida)""

**La venta viene después del valor.**

### E - Engagement Diseñado Intencionalmente

**El contenido sin interacción es contenido muerto.**

#### Técnicas para maximizar engagement:

**1. Haz preguntas específicas:**

❌ ""¿Qué opinas?""  
✅ ""¿Cuál de estas 3 estrategias has probado? A, B o C""

**2. Usa ganchos irresistibles:**

Primeras 3 segundos en video / Primera línea en texto:

- ""Esto me costó $10,000 aprender...""
- ""El 90% de las marcas comete este error...""
- ""Te van a odiar por saber esto, pero...""
- ""Nadie habla de esto, pero...""

**3. Crea loops de curiosidad:**

- Promete información valiosa al final
- Usa ""Swipe para ver"", ""Sigue leyendo"", ""Parte 2 en comentarios""
- Cliffhangers estratégicos

**4. Formatos interactivos:**

- Encuestas y quizzes
- Challenges y dinámicas
- User-generated content
- Preguntas con sticker de respuesta

**5. Call-to-action claros:**

Cada pieza debe terminar con:
- ¿Qué quieres que hagan?
- ¿Por qué deberían hacerlo?
- ¿Cómo lo hacen exactamente?

**Ejemplo:**
> ""Guarda este post para tenerlo siempre a mano, compártelo con alguien que lo necesite, y cuéntame en comentarios: ¿cuál de estos tips vas a implementar primero?""

### R - Reutilización y Repurposing Estratégico

**Crear contenido desde cero para cada plataforma es insostenible.**

#### El Sistema de Contenido Piramidal:

**1. Pieza pilar (1x al mes):**
- Video largo de YouTube (10-15 min)
- Blog post completo (2,000+ palabras)
- Podcast episode

**2. Contenido derivado (10-15 piezas):**

De un video de YouTube puedes crear:

- 5-7 clips cortos para Reels/TikTok/Shorts
- 10 quotes para posts de Instagram
- 1 blog post (transcripción editada)
- 1 carrusel de Instagram (puntos clave)
- 1 thread de Twitter/LinkedIn
- 1 newsletter
- Audiogramas para podcast

**3. Micro-contenido (30-50 piezas):**

- Stories de Instagram
- Tweets individuales
- Comentarios en posts relevantes
- Respuestas en comunidades

**Herramientas de repurposing:**
- Descript (transcripción y edición)
- OpusClip (clips automáticos de videos largos)
- Canva (diseño multi-formato)
- Buffer/Metricool (programación multi-plataforma)

**Beneficios:**
- 10x más contenido con el mismo esfuerzo
- Consistencia en todas las plataformas
- Alcance a diferentes audiencias

### T - Testing y Optimización Continua

**El contenido que funciona hoy puede no funcionar mañana.**

#### Qué testear:

**1. Formatos:**
- Video vs. carrusel vs. imagen única
- Video corto vs. largo
- Texto largo vs. corto

**2. Temas:**
- Educativo vs. inspiracional vs. entretenimiento
- Nicho específico vs. amplio

**3. Hooks y títulos:**
- Pregunta vs. afirmación vs. estadística
- Curiosidad vs. beneficio vs. urgencia

**4. Horarios de publicación:**
- Mañana vs. tarde vs. noche
- Días de semana vs. fines de semana

**5. CTAs:**
- ""Comenta"" vs. ""Guarda"" vs. ""Comparte""
- Ubicación del CTA

#### Métricas clave a rastrear:

**Engagement:**
- Tasa de engagement: `(Likes + Comentarios + Shares) / Alcance × 100`
- Tiempo de visualización promedio (videos)
- Tasa de clics (CTR)

**Conversión:**
- Leads generados
- Ventas atribuidas
- Costo por lead/venta

**Crecimiento:**
- Nuevos seguidores
- Tasa de retención de audiencia

**Herramientas:**
- Google Analytics (tráfico y conversiones)
- Plataformas nativas (Instagram Insights, YouTube Analytics)
- Bitly (rastreo de links)
- UTM parameters (atribución de fuente)

## Formatos de Contenido de Alto Rendimiento en 2026

### 1. Video Corto (Reels, TikTok, Shorts)

**Por qué funciona:**
- Algoritmos favorecen video corto
- Alto potencial viral
- Fácil consumo en móvil

**Estructura ganadora:**

- **0-3 seg:** Hook irresistible
- **3-30 seg:** Valor/entretenimiento
- **30-60 seg:** CTA claro

**Tips:**
- Subtítulos siempre (85% ve sin sonido)
- Vertical 9:16
- Música trending
- Primeros 3 segundos = todo

### 2. Carruseles Educativos (Instagram, LinkedIn)

**Por qué funciona:**
- Algoritmo premia tiempo de interacción
- Fácil de guardar y compartir
- Formato ""snackable""

**Estructura ganadora:**

- **Slide 1:** Título + hook
- **Slides 2-8:** Puntos clave (1 idea por slide)
- **Slide 9:** Resumen
- **Slide 10:** CTA

**Tips:**
- Máximo 10 slides
- Diseño consistente
- Texto legible (mínimo 24pt)
- Usa números y listas

### 3. Long-form Video (YouTube)

**Por qué funciona:**
- Profundidad = autoridad
- Mejor para SEO
- Monetización

**Estructura ganadora:**

- **0-30 seg:** Hook + preview de valor
- **30 seg - 2 min:** Intro + contexto
- **2-12 min:** Contenido principal
- **12-15 min:** Recap + CTA

**Tips:**
- Capítulos con timestamps
- Thumbnail llamativo
- Título optimizado para SEO
- Primeros 30 segundos críticos

### 4. Blog Posts SEO-Optimizados

**Por qué funciona:**
- Tráfico orgánico a largo plazo
- Autoridad de marca
- Lead generation

**Estructura ganadora:**

- Título con keyword (H1)
- Intro con hook
- Tabla de contenidos
- Secciones con H2/H3
- Imágenes y ejemplos
- Conclusión + CTA

**Tips:**
- Mínimo 1,500 palabras
- Keyword research previo
- Internal linking
- Meta description optimizada

## Errores Fatales en Creación de Contenido

❌ **Crear sin estrategia:** Publicar por publicar  
✅ **Solución:** Cada pieza con objetivo claro

❌ **Hablar solo de ti:** ""Nosotros, nuestro, nuestra empresa""  
✅ **Solución:** Habla de tu audiencia: ""Tú, tu problema, tu solución""

❌ **No tener CTA:** Contenido sin siguiente paso  
✅ **Solución:** Siempre guía a la acción

❌ **Ignorar datos:** Crear por intuición  
✅ **Solución:** Analiza qué funciona y repite

❌ **Inconsistencia:** Publicar cuando ""te acuerdas""  
✅ **Solución:** Calendario de contenido

❌ **Copiar a competidores:** Contenido genérico  
✅ **Solución:** Encuentra tu voz única

## Tu Plan de Acción: Próximos 30 Días

### Semana 1: Investigación
- [ ] Define tu audiencia ideal (avatar detallado)
- [ ] Investiga sus problemas y preguntas (Reddit, grupos, reseñas)
- [ ] Analiza contenido de competidores (qué funciona)

### Semana 2: Estrategia
- [ ] Define objetivos de contenido (awareness, leads, ventas)
- [ ] Crea calendario de contenido (temas y formatos)
- [ ] Prepara templates y sistemas de repurposing

### Semana 3: Creación
- [ ] Crea 1 pieza pilar (video largo o blog post)
- [ ] Deriva 10 piezas de contenido corto
- [ ] Diseña lead magnet (ebook, checklist, webinar)

### Semana 4: Publicación y Optimización
- [ ] Publica según calendario
- [ ] Interactúa con tu audiencia (responde comentarios)
- [ ] Analiza métricas y ajusta

## Conclusión: Contenido que Convierte es Contenido Estratégico

Crear contenido que genera resultados no es cuestión de suerte. Es un proceso sistemático:

1. **Conoce** a tu audiencia profundamente
2. Define **objetivos** claros
3. Cuenta **narrativas** que conectan
4. Ofrece **valor** antes de vender
5. Diseña **engagement** intencionalmente
6. **Reutiliza** estratégicamente
7. **Testea** y optimiza constantemente

**Empieza hoy:** Elige UNA plataforma, crea UNA pieza de contenido siguiendo el framework C.O.N.V.E.R.T., y mide resultados.

¿Necesitas ayuda para crear una estrategia de contenido que genere resultados reales? En Growth Video Lab, creamos y ejecutamos estrategias de contenido (video, redes sociales, blogs) que convierten audiencias en clientes. [Hablemos](/contacto).

---

**Sobre el autor:** Growth Video Lab es una agencia especializada en producción de video, branding y estrategia de contenido digital. Ayudamos a marcas a crecer a través de contenido que conecta y convierte."